size,localized_1,localized_2,delocalized_1,delocalized_2,delocalized_3
12,0.020406097125722056,0.14605570070583695,0.5717856322662662,1.4106358825242324,-2.0176951394237754
18,0.0012415561133383157,0.015846221458891918,-2.755496134685502,-1.246225479591855,1.0921280938891913
24,6.085327122207218e-6,0.0005291608515847201,-4.4512610810181314,5.674468788152538,2.4634822841463517
30,-6.646982964042536e-7,0.00014868784373733845,3.6859913682132817,-0.5803505603279691,-0.8149398163428856
36,-1.4996835773217754e-8,3.291255783111069e-5,0.19986675242107665,-2.280056465390256,1.3519735490529996
42,-5.875300246316328e-11,2.793702329473291e-6,1.6015772369439567,1.5834607775585434,-6.121278645503475
