size_list,localized_1,localized_2,delocalized_1,delocalized_2,delocalized_3
12,0.02374253086124781,0.05890349592113853,2.8460629509004436,2.412906625913806,1.4395283952649338
18,0.00022385091315853695,0.011197366224496238,2.9971377450378953,2.978844453083156,2.852440279963331
24,1.1067183615941361e-5,0.0015467877746420892,0.28830469750124904,0.35086034386172144,2.2984316304455445
30,1.0534663168022136e-7,4.515049117713137e-5,2.208268002127674,0.36414128350999303,2.4021434132997985
36,1.192642843231312e-10,1.4232878432286466e-6,2.488157606973657,2.0709056659553475,0.13159538958804168
42,1.455923036722191e-11,2.1852584133033243e-7,2.5218715463843715,2.029212096947448,2.8956109113151967
